filename,number_of_rods,number_of_spheres,rod_area,sphere_area
CN-016_000003.jpg,11,58,"[1791, 1873, 1801, 1505, 3601, 1424, 1164, 1514, 1244, 1969, 964]","[1270, 1293, 1524, 1484, 947, 1428, 1073, 1068, 1362, 1901, 1108, 1748, 1198, 1144, 1151, 1197, 1309, 1210, 1199, 914, 1125, 1212, 1381, 1321, 1588, 1418, 2044, 1271, 1147, 1666, 1344, 1447, 1395, 1278, 905, 1260, 1314, 854, 1015, 969, 1319, 1780, 617, 1107, 1276, 970, 1491, 899, 1389, 2653, 1413, 1502, 946, 1771, 1153, 720, 1373, 1255]"
CN-016_000004.jpg,2,98,"[1793, 1736]","[1135, 1025, 1071, 873, 1039, 1187, 1194, 832, 1172, 1197, 880, 1406, 854, 1110, 839, 1266, 875, 869, 996, 917, 1030, 921, 1384, 1183, 747, 812, 1760, 1363, 907, 936, 1138, 1732, 993, 1273, 878, 1305, 1649, 1388, 910, 1182, 1153, 896, 939, 1018, 1204, 1182, 1124, 1236, 961, 1232, 1072, 1567, 1201, 956, 1128, 948, 1169, 989, 950, 1041, 1614, 1094, 959, 1427, 1042, 919, 788, 831, 998, 1160, 845, 1435, 943, 886, 808, 947, 810, 1239, 919, 669, 883, 853, 984, 991, 966, 795, 1039, 930, 752, 1102, 887, 1549, 714, 807, 1004, 742, 1037, 969]"
CN-016_000005.jpg,5,55,"[1493, 1443, 1518, 1038, 1758]","[1374, 1099, 1139, 744, 1185, 1269, 976, 1209, 1008, 799, 917, 812, 781, 1118, 1054, 960, 1050, 981, 867, 1099, 1301, 776, 950, 982, 1251, 854, 1252, 896, 766, 646, 926, 1118, 1169, 910, 1295, 1490, 1165, 924, 1042, 1052, 827, 1000, 741, 883, 1118, 1047, 598, 981, 805, 1196, 1146, 685, 929, 1232, 1247]"
CN-016_000006.jpg,0,100,[],"[950, 1041, 1142, 876, 1011, 1200, 1413, 1203, 1226, 948, 975, 1739, 1312, 853, 1096, 985, 970, 1301, 899, 1035, 1100, 854, 1381, 1090, 1185, 1291, 1201, 1121, 957, 857, 1237, 1484, 1172, 1141, 1161, 1228, 869, 1375, 851, 993, 1416, 725, 944, 1645, 1191, 999, 1193, 913, 985, 1081, 1300, 1338, 869, 1163, 1054, 1160, 1348, 1184, 1588, 826, 1152, 926, 1065, 1311, 1114, 1082, 996, 1202, 1155, 1010, 961, 1109, 946, 1425, 1072, 969, 1377, 926, 1109, 1394, 1204, 959, 753, 811, 1048, 1105, 883, 1277, 859, 1042, 947, 1424, 1088, 1097, 1137, 868, 961, 1332, 1072, 959]"
CN-016_000007.jpg,0,100,[],"[852, 959, 1007, 970, 1133, 1105, 1173, 977, 1331, 1168, 977, 1280, 1136, 1412, 1305, 1131, 1094, 872, 1279, 792, 827, 1411, 893, 1534, 943, 1188, 846, 1010, 1152, 1124, 1115, 1212, 1109, 1285, 883, 653, 1060, 1028, 853, 1258, 1252, 944, 1010, 994, 1143, 1038, 1026, 1056, 1393, 1324, 1133, 1406, 729, 1231, 849, 925, 956, 1213, 955, 1181, 1199, 645, 1496, 1277, 1474, 1080, 1310, 670, 732, 821, 1337, 1260, 932, 1122, 1028, 900, 932, 1552, 840, 964, 1242, 960, 986, 1386, 1380, 1210, 1184, 1196, 932, 809, 1051, 750, 934, 666, 1112, 1585, 1039, 1270, 1007, 1058]"
CN-016_000008.jpg,5,95,"[1664, 1517, 1541, 1718, 1238]","[1037, 1137, 1277, 1009, 1129, 1140, 1127, 1189, 882, 1100, 1239, 1053, 1938, 1201, 1323, 1110, 918, 831, 973, 1256, 1064, 752, 943, 1223, 1019, 1214, 1194, 993, 893, 820, 1091, 1077, 1343, 825, 1038, 1227, 1483, 1355, 887, 1018, 1131, 1021, 1490, 1010, 744, 649, 1332, 707, 937, 1070, 1225, 966, 1312, 1175, 1423, 1050, 797, 1233, 939, 741, 939, 1181, 1176, 793, 1169, 854, 692, 1366, 1209, 946, 634, 1243, 1398, 710, 784, 1072, 1105, 1187, 783, 928, 1089, 949, 912, 862, 935, 1222, 853, 1347, 610, 642, 1257, 1222, 807, 873, 912]"
CN-017_000002.jpg,50,1,"[1907, 2286, 2079, 2411, 2381, 2262, 2181, 2140, 1970, 2239, 2023, 2048, 2218, 2300, 2155, 2112, 2217, 2434, 2412, 2167, 2116, 1877, 2196, 2255, 2012, 2203, 2365, 2371, 2303, 2250, 1497, 2088, 2007, 1982, 1674, 1938, 2295, 1898, 2042, 1923, 2068, 1296, 1970, 1989, 2342, 1987, 2238, 954, 3671, 2041]",[809]
CN-017_000003.jpg,24,0,"[2258, 2286, 2249, 2175, 2246, 2331, 2155, 1731, 2203, 1998, 2107, 2251, 2145, 2172, 1951, 2030, 2276, 2074, 2191, 2272, 1700, 1987, 1643, 2057]",[]
CN-017_000006.jpg,31,0,"[2308, 2214, 2418, 2301, 1937, 1909, 1869, 1989, 2302, 2028, 2329, 2178, 2165, 2242, 1959, 2311, 2073, 2111, 2287, 2132, 1895, 2753, 2253, 1921, 2041, 1773, 4488, 1994, 1940, 2788, 1936]",[]
CN-017_000007.jpg,100,0,"[2513, 2213, 2464, 2422, 2307, 2206, 2296, 1983, 2211, 2313, 2096, 2356, 2073, 2142, 2208, 2346, 2384, 2199, 2239, 2008, 2148, 2186, 2215, 2083, 2235, 2151, 1929, 2222, 2242, 2273, 1611, 2171, 2183, 2169, 2268, 2520, 2217, 2349, 2034, 2475, 2158, 2173, 2465, 2059, 2393, 2109, 2015, 2261, 2331, 2090, 2136, 2508, 1879, 2002, 2107, 2068, 2033, 2392, 2244, 2220, 2240, 2019, 1980, 2313, 2150, 2058, 2091, 2440, 2287, 2176, 2200, 2120, 2164, 2159, 2320, 2303, 2451, 1927, 2310, 2304, 2369, 2151, 2352, 2296, 1825, 3927, 2094, 2321, 2242, 2293, 2328, 2177, 1879, 1737, 2277, 2099, 2112, 2390, 1557, 2238]",[]
CN-017_000011.jpg,30,0,"[2269, 2209, 2391, 2372, 2247, 2055, 2274, 2168, 2249, 2145, 1999, 1870, 2409, 2201, 1959, 2130, 2063, 2343, 2096, 1712, 2048, 2122, 2164, 2200, 2696, 4013, 2000, 1964, 1963, 2259]",[]
CN-017_000017.jpg,93,0,"[2408, 2225, 2489, 2375, 2186, 2260, 2335, 2256, 1944, 2099, 2286, 3814, 2304, 2179, 2470, 2257, 2121, 2202, 2189, 2288, 2121, 2291, 2503, 2073, 2193, 2211, 2249, 2150, 2225, 2371, 2297, 1959, 2193, 2041, 2219, 2572, 2268, 2127, 2052, 1948, 2422, 2094, 2444, 2135, 2110, 1632, 2383, 2303, 1975, 2020, 2062, 2265, 2579, 1813, 2190, 2392, 2100, 2060, 2016, 2123, 2324, 2144, 2095, 2140, 1981, 2107, 2088, 1949, 2706, 2073, 1787, 2149, 2325, 2270, 2090, 2226, 1454, 2189, 2347, 2162, 2038, 2073, 2058, 2155, 2235, 2411, 2248, 3899, 1976, 2197, 1876, 2405, 2092]",[]
CN-017_000010.jpg,70,0,"[2466, 2165, 2063, 2289, 2325, 1981, 2538, 2328, 2364, 2349, 2150, 2654, 1914, 2220, 2428, 2187, 2525, 2142, 2106, 2487, 2478, 2310, 2157, 2598, 2603, 2401, 2349, 2131, 2279, 2126, 2104, 2121, 2030, 2283, 2512, 2159, 2215, 2327, 1875, 2139, 2084, 2452, 2277, 2423, 2234, 1818, 2227, 2022, 2246, 2781, 2113, 1988, 2934, 2168, 2478, 1837, 2207, 1908, 2949, 2164, 2116, 2121, 2272, 2578, 2079, 2609, 1945, 2013, 1754, 2265]",[]
CN-019_000004.jpg,34,0,"[1895, 1795, 2242, 2388, 2124, 2217, 2165, 2221, 2414, 2201, 1893, 2008, 1977, 2009, 1772, 2187, 1354, 1915, 2340, 1710, 2016, 2082, 1894, 1487, 1611, 1926, 2047, 1874, 2431, 1697, 2114, 766, 2210, 914]",[]
CN-017_000014.jpg,46,0,"[2381, 2236, 2246, 2312, 2235, 2132, 2439, 2489, 2414, 2246, 2188, 2394, 2264, 2019, 1626, 2289, 2252, 2485, 1481, 2190, 2341, 2391, 2167, 2515, 2383, 2224, 1943, 2407, 2303, 2151, 2013, 2137, 2255, 1924, 2042, 1739, 2044, 1847, 2161, 2092, 2170, 2419, 2462, 2641, 1760, 1433]",[]
CN-019_000006.jpg,49,0,"[1878, 2038, 2307, 1949, 1826, 2142, 2104, 1804, 2001, 1981, 2056, 2119, 2153, 2070, 1833, 2293, 2049, 1819, 1755, 1737, 1776, 2158, 1914, 2029, 1897, 1774, 1972, 1986, 1887, 1383, 1875, 1909, 1879, 2208, 1893, 2052, 1783, 2014, 2316, 2133, 1886, 2061, 1996, 3638, 1905, 1434, 2730, 3403, 1423]",[]
CN-019_000005.jpg,19,0,"[2167, 2084, 1882, 1708, 2047, 2103, 1775, 1418, 3398, 1946, 2656, 2750, 1726, 2054, 3367, 1884, 2044, 2035, 2208]",[]
CN-019_000002.jpg,60,0,"[2308, 1987, 1953, 1892, 2063, 1694, 1707, 1626, 1650, 1810, 1744, 1792, 1941, 1767, 1320, 2005, 1845, 2130, 1714, 1586, 3473, 1925, 2056, 1752, 1518, 1795, 1819, 1788, 1924, 1805, 1907, 1781, 2463, 1775, 1381, 1774, 1526, 2293, 1510, 1801, 1861, 1966, 3544, 1934, 1820, 2225, 1720, 1786, 1844, 1923, 1877, 1944, 1334, 1723, 3492, 3625, 2140, 1891, 1803, 1836]",[]
CN-019_000001.jpg,68,0,"[1764, 2121, 2005, 1972, 2082, 1871, 2117, 2244, 2475, 2196, 2045, 1980, 2219, 2059, 2111, 1967, 1895, 1854, 1892, 2032, 1930, 2200, 1903, 2642, 1815, 1785, 1953, 1945, 1824, 2115, 2115, 2364, 2015, 1977, 2034, 1944, 2217, 1802, 1997, 1879, 2003, 2077, 2313, 2032, 2239, 1719, 1696, 2004, 1650, 2185, 1726, 1900, 1979, 2048, 1720, 1837, 1710, 1817, 2022, 2131, 2103, 1683, 1999, 1635, 1709, 1981, 1864, 1674]",[]
CN-017_000015.jpg,54,0,"[2603, 2199, 2239, 2172, 2179, 1921, 2313, 2103, 1860, 2144, 1977, 2245, 2044, 2115, 1985, 2159, 2406, 2025, 2302, 1645, 2056, 2163, 1999, 3947, 2203, 2046, 2196, 2047, 2344, 2285, 1999, 2221, 2224, 2407, 2103, 1968, 1878, 1973, 2236, 2173, 1289, 2131, 1999, 1607, 2302, 2287, 1992, 2318, 1399, 1919, 2028, 1867, 2047, 4232]",[]
CN-019_000007.jpg,100,0,"[2144, 1970, 2150, 2083, 2494, 1920, 2107, 2332, 1840, 2258, 2188, 2036, 1915, 2095, 2041, 2202, 1958, 2243, 2245, 2143, 1676, 2100, 2178, 2000, 2749, 2195, 2346, 2041, 2029, 1783, 1672, 2170, 1921, 1725, 2024, 2156, 1964, 1987, 1914, 1917, 1720, 1764, 1982, 1894, 1946, 1874, 1890, 2163, 2152, 2610, 1986, 2102, 1739, 2124, 2041, 1959, 1766, 1828, 1997, 2158, 1976, 1963, 3269, 2020, 1876, 2037, 1865, 1749, 2969, 2287, 1871, 2903, 2051, 1830, 2108, 1712, 1784, 2076, 1731, 1969, 2573, 1977, 1834, 2030, 2143, 1968, 5007, 5752, 1497, 1767, 2020, 1941, 1947, 1838, 1919, 2861, 2085, 1824, 2054, 2370]",[]
CN-019_000008.jpg,37,0,"[1990, 2127, 1759, 1967, 2376, 1429, 1947, 1787, 1649, 2098, 1541, 1938, 2076, 1780, 1436, 1955, 1727, 1827, 1965, 1503, 1840, 1725, 1799, 1794, 1554, 1512, 1588, 1531, 1685, 1604, 1850, 2213, 1682, 1865, 2823, 2483, 1229]",[]
CN-019_000009.jpg,47,0,"[1938, 1885, 1897, 2008, 1974, 1968, 2101, 1935, 1866, 2093, 1836, 1923, 2098, 1289, 1664, 2028, 1941, 1966, 3299, 2141, 1898, 1108, 1999, 1979, 1914, 1902, 2321, 2000, 2176, 1880, 1703, 2114, 1843, 1542, 936, 2089, 1114, 2308, 1680, 1971, 2364, 835, 1962, 1945, 1886, 2344, 1723]",[]
CN-020_000001.jpg,67,0,"[2334, 2333, 2118, 2178, 2302, 2228, 1902, 2208, 2324, 2308, 1895, 2242, 1891, 1976, 2050, 2252, 1795, 2230, 1910, 2655, 2491, 1496, 2304, 2114, 2249, 2185, 2007, 1900, 1938, 2170, 1846, 1845, 2382, 1842, 2042, 1970, 2182, 2948, 3495, 2222, 3487, 3213, 1944, 1931, 1950, 1798, 1624, 2172, 3908, 1534, 3016, 2894, 2028, 2196, 2046, 1739, 1792, 2058, 2175, 1872, 1970, 2274, 3148, 2103, 1847, 1966, 2754]",[]
CJ-007_000005.jpg,64,0,"[1884, 2060, 2212, 1921, 2028, 2178, 2058, 2001, 2334, 1977, 2348, 2515, 2187, 2630, 2001, 2170, 1698, 2122, 1717, 2267, 2227, 2593, 1912, 2100, 5638, 1838, 2000, 2130, 2380, 2241, 1922, 2436, 1829, 2325, 2015, 1937, 1906, 1834, 2210, 2193, 1982, 2279, 2153, 2220, 1206, 1614, 2170, 1436, 1792, 1062, 2146, 2232, 2101, 1897, 1994, 1642, 3651, 2334, 1847, 3237, 1659, 2103, 2140, 2099]",[]
BM-016_000003.jpg,26,0,"[2506, 2632, 2670, 2071, 2645, 2363, 2418, 2257, 2348, 2530, 2366, 2300, 2183, 2448, 2453, 2133, 2068, 2412, 2131, 2383, 4210, 1394, 2408, 1006, 1968, 1966]",[]
ER-023_000001.jpg,80,0,"[1994, 1943, 1762, 1814, 1924, 1857, 1825, 1775, 1804, 2008, 1871, 1696, 2032, 3515, 1743, 1892, 1793, 1778, 1821, 1681, 1850, 1681, 1773, 1600, 1825, 1915, 3402, 1761, 1593, 1745, 1799, 1682, 1756, 2040, 2180, 3005, 1622, 1939, 1907, 1886, 3267, 1771, 1574, 1683, 1676, 1909, 1855, 1728, 1688, 1872, 1794, 3750, 1688, 2003, 1793, 1993, 1749, 1656, 1785, 2005, 1817, 1928, 3387, 1689, 1599, 1483, 2536, 1749, 3076, 1767, 1984, 2112, 1992, 1430, 1880, 2242, 3507, 867, 1249, 2006]",[]
BM-020_000002.jpg,11,0,"[2288, 2199, 2302, 2472, 2484, 1753, 2624, 2423, 2232, 2041, 2242]",[]
BM-020_000010.jpg,10,0,"[2211, 2384, 2104, 2328, 2494, 8321, 3427, 2006, 2125, 5008]",[]
CJ-010_000007.jpg,16,0,"[1686, 1613, 1753, 1969, 1603, 1720, 1551, 2522, 1483, 1407, 2157, 1341, 3477, 1622, 2128, 1604]",[]
CJ-031_000007.jpg,60,0,"[2374, 2370, 2306, 1934, 2151, 2109, 2164, 1862, 2406, 2277, 1976, 1974, 2261, 1945, 2343, 2402, 2085, 2065, 2362, 1978, 2332, 2357, 1896, 2260, 2026, 1888, 1808, 2511, 1953, 2952, 2295, 2470, 2351, 2085, 2019, 2531, 2501, 2480, 1812, 1980, 2196, 2165, 2228, 2048, 1802, 1965, 2049, 2124, 1407, 2087, 1565, 1975, 2420, 1635, 2204, 1920, 1809, 2023, 1908, 2576]",[]
CJ-010_000010.jpg,16,0,"[1843, 1836, 1877, 2201, 1679, 1753, 1690, 2112, 2824, 2069, 1186, 1733, 1707, 1231, 1682, 2056]",[]
BM-020_000004.jpg,8,0,"[2455, 2395, 2359, 2561, 2448, 2269, 2138, 2388]",[]
CJ-007_000010.jpg,53,0,"[2297, 2580, 2126, 1877, 2456, 2316, 2349, 1924, 2167, 2562, 2045, 2173, 2342, 2246, 2383, 2449, 2026, 1950, 2097, 2082, 2454, 1999, 1915, 2001, 1847, 2151, 3131, 1954, 2020, 2254, 1934, 2662, 2143, 2127, 1922, 2041, 1959, 2552, 2353, 1860, 2103, 1856, 2058, 959, 1655, 1916, 2209, 2175, 1945, 1896, 1894, 1961, 1999]",[]
CJ-007_000016.jpg,74,1,"[2164, 2138, 2826, 2177, 2243, 2407, 1831, 2311, 2279, 1919, 2798, 2190, 1916, 2502, 2226, 2547, 2290, 2232, 2318, 2106, 2244, 2363, 1804, 2531, 2292, 2324, 2223, 2201, 2025, 2223, 2375, 2177, 2030, 2214, 1888, 1794, 1898, 1924, 2344, 2354, 1781, 2145, 1722, 2172, 2014, 2189, 2133, 1666, 1998, 2180, 1784, 2304, 1963, 2026, 1930, 1417, 1904, 2480, 2214, 1991, 2043, 2031, 1859, 2265, 3952, 2147, 1804, 3697, 1079, 1902, 5534, 2249, 2702, 4297]",[915]
CJ-031_000010.jpg,47,11,"[2323, 2259, 2313, 2517, 2145, 2187, 2359, 2183, 2009, 1786, 2380, 2585, 1933, 1942, 2456, 2116, 2264, 2192, 2222, 2101, 2097, 2261, 2157, 2142, 2025, 1982, 2590, 2261, 2283, 2547, 2178, 2309, 1790, 2097, 2336, 1808, 2217, 2451, 1804, 2129, 2131, 2122, 2195, 2508, 3177, 2174, 2053]","[1116, 2194, 1991, 1750, 2347, 1886, 1772, 1462, 2083, 1885, 2176]"
CJ-007_000013.jpg,38,0,"[2224, 2297, 2271, 2053, 2132, 2245, 2177, 1875, 1965, 2180, 2240, 2374, 1928, 2121, 2156, 2351, 2169, 2184, 4253, 2613, 2433, 1816, 2317, 3080, 2288, 1961, 2006, 2066, 2664, 802, 1700, 1887, 2127, 1656, 1830, 2179, 1741, 2255]",[]
CJ-029_000009.jpg,11,0,"[2174, 1883, 2213, 3573, 1886, 2128, 2317, 3296, 2105, 3425, 2347]",[]
CJ-007_000008.jpg,62,2,"[2001, 1966, 2014, 2072, 2064, 1890, 1916, 1759, 2076, 2042, 1892, 2262, 1954, 1860, 1934, 6704, 2119, 1904, 2128, 1635, 2147, 1857, 1863, 2169, 2327, 2451, 1636, 2079, 2757, 1910, 2037, 2078, 1868, 1865, 2090, 1192, 1667, 1943, 2212, 1710, 1896, 1659, 1663, 2238, 2143, 1949, 1741, 1916, 1920, 2242, 2049, 1827, 2060, 1877, 1332, 1959, 2017, 2684, 1539, 1788, 1000, 4699]","[3617, 1808]"
ER-023_000002.jpg,80,0,"[1665, 2118, 1660, 1858, 1946, 1906, 3216, 1674, 1913, 1937, 2705, 1748, 1964, 1753, 1616, 1809, 1777, 1949, 1772, 1994, 1733, 1868, 1746, 1739, 2049, 1668, 1835, 1985, 1952, 1695, 1873, 1764, 2010, 1632, 1950, 1894, 3457, 1841, 2079, 1625, 3177, 1808, 1972, 1763, 1982, 1541, 2985, 1713, 3177, 1562, 2065, 1906, 1749, 1681, 3302, 1673, 1690, 1221, 2230, 1843, 1870, 2051, 1370, 1616, 1792, 3306, 1940, 2041, 1890, 1306, 1753, 1572, 1931, 1697, 1945, 2239, 1539, 1969, 1628, 3847]",[]
CJ-007_000027.jpg,59,3,"[2166, 2222, 2394, 1957, 2353, 2070, 2297, 2195, 2264, 1965, 2303, 4891, 2285, 1921, 1584, 2240, 1949, 2600, 2038, 2029, 2308, 2180, 1842, 2474, 1597, 2304, 2008, 1891, 2198, 2343, 1912, 2542, 1579, 1835, 2085, 2042, 2340, 2153, 2714, 2895, 2903, 2269, 2073, 1583, 2147, 2789, 2250, 1478, 2211, 2288, 2071, 1756, 2191, 1692, 984, 2359, 2106, 2099, 1970]","[764, 1999, 2250]"
BM-017_000009.jpg,41,0,"[2342, 2542, 1985, 2006, 2024, 2283, 2371, 2014, 3169, 2432, 2400, 4207, 2152, 2375, 1958, 2234, 2109, 2258, 2411, 2298, 2093, 2421, 2050, 2183, 4180, 2058, 2155, 2300, 2137, 2184, 2128, 1860, 2208, 2144, 4314, 1856, 3706, 2079, 2475, 2325, 2450]",[]
BM-017_000013.jpg,22,0,"[2474, 2282, 2189, 2017, 2342, 2414, 2557, 2039, 3505, 2363, 2371, 3883, 1936, 2129, 1972, 2134, 2443, 2282, 2216, 2335, 2276, 2144]",[]
CJ-007_000018.jpg,99,1,"[2432, 2396, 2201, 2156, 2106, 2486, 2322, 2198, 2428, 2556, 2103, 2165, 1749, 2125, 2406, 1768, 2218, 2105, 2630, 1989, 2357, 4079, 1750, 2456, 2372, 1732, 2099, 2070, 2235, 1770, 2330, 2269, 2232, 3852, 3819, 2175, 1978, 2080, 2339, 1868, 2027, 1799, 2280, 2371, 1755, 2289, 2066, 2379, 2212, 1576, 2070, 2252, 2059, 3809, 1724, 2296, 2125, 1959, 1686, 2295, 2252, 1692, 2019, 2263, 2158, 2008, 2237, 1913, 2468, 3022, 1447, 2365, 2041, 2350, 1433, 2379, 2081, 1878, 2768, 1831, 1979, 2031, 1918, 1373, 2445, 2486, 1987, 2055, 2070, 2304, 1846, 1168, 2131, 2341, 2580, 1886, 2156, 2272, 2091]",[2281]
CJ-007_000034.jpg,69,3,"[2152, 2007, 2070, 2373, 2349, 2233, 2348, 2151, 2446, 2168, 2023, 2127, 2048, 1976, 2279, 2338, 2094, 2259, 2141, 1976, 2181, 2513, 1929, 2058, 1859, 1692, 2406, 2058, 2197, 2034, 2174, 2371, 2221, 2372, 2161, 1951, 1887, 2012, 2038, 1810, 2053, 1933, 2033, 1963, 1846, 2245, 2314, 1797, 2316, 2203, 2152, 2367, 2189, 1819, 4498, 1652, 1892, 972, 3058, 1907, 2480, 2368, 1732, 2194, 2242, 1768, 2111, 1806, 1930]","[1144, 2535, 2115]"
BM-021_000012.jpg,100,0,"[2458, 2638, 2583, 2498, 2553, 2118, 2317, 2228, 2412, 2175, 2485, 2559, 2285, 2427, 2360, 2555, 2264, 2440, 2271, 2521, 2377, 2643, 2283, 2481, 2564, 2537, 2516, 2141, 2155, 2604, 2516, 2291, 2601, 2483, 2568, 2717, 2569, 2415, 2512, 2627, 2264, 2570, 2122, 2438, 2367, 2166, 1957, 2318, 2981, 2569, 2139, 2245, 2370, 2207, 2361, 2471, 2392, 2228, 2396, 2470, 2268, 2530, 2117, 2239, 2332, 2516, 2563, 2336, 2483, 2457, 2503, 2539, 2404, 2134, 2344, 2602, 2445, 2427, 2550, 2402, 2412, 2108, 2143, 2403, 2551, 2309, 2053, 2199, 2579, 2374, 2333, 2339, 2592, 2616, 2223, 2055, 2671, 2220, 2590, 2374]",[]
BM-021_000013.jpg,100,0,"[2654, 2230, 2634, 2360, 2541, 2403, 2529, 2334, 2733, 2316, 2551, 2334, 2235, 2431, 2321, 2663, 2640, 2549, 2315, 2345, 2653, 2407, 2459, 2206, 2232, 2438, 2491, 2682, 2309, 2200, 2245, 2170, 2069, 2402, 2713, 2509, 2340, 2412, 2252, 2268, 2355, 1970, 2340, 2595, 2228, 2098, 2561, 2272, 1848, 2394, 2471, 2369, 2315, 2411, 2290, 2552, 2365, 2096, 2565, 2873, 2322, 2470, 2035, 2406, 2357, 2150, 2112, 2689, 1486, 2748, 2285, 2584, 2052, 2456, 2182, 2532, 2520, 2117, 2190, 2340, 2424, 2445, 2237, 3267, 2399, 2374, 2640, 1976, 2575, 2456, 2401, 2913, 2319, 2144, 2582, 2337, 2483, 2488, 2314, 2742]",[]
ER-022_000005.jpg,24,2,"[1426, 677, 807, 1302, 939, 683, 675, 1164, 691, 517, 597, 1170, 689, 584, 1101, 690, 948, 801, 687, 1093, 582, 669, 492, 1080]","[574, 1157]"
BM-017_000006.jpg,39,0,"[2515, 4276, 2418, 1788, 1970, 2062, 2082, 2016, 2085, 2050, 1944, 2289, 1755, 2199, 2145, 2179, 1983, 2452, 1965, 2211, 2338, 2062, 2075, 2158, 2166, 2098, 2280, 2242, 2054, 2032, 2215, 2292, 2313, 2228, 1879, 1689, 2102, 1922, 1663]",[]
CJ-031_000006.jpg,94,2,"[1938, 2058, 2762, 2438, 1940, 2150, 2000, 2359, 3354, 2188, 2239, 2035, 2404, 1959, 2416, 2084, 2555, 2339, 2246, 2684, 2036, 1993, 2147, 1963, 2516, 2054, 2333, 2734, 2255, 2788, 2172, 2002, 2094, 1944, 1959, 2040, 2354, 2126, 2591, 2450, 2319, 2248, 2072, 2505, 2140, 2253, 2600, 2052, 1717, 2064, 1708, 1874, 2065, 1590, 1863, 2058, 2132, 1969, 2264, 2211, 2486, 2717, 1727, 2052, 2280, 2374, 1936, 2135, 2165, 2206, 2067, 1973, 2373, 2454, 2560, 2572, 2556, 2330, 1645, 2283, 2127, 689, 2202, 1111, 1945, 1389, 2075, 1760, 2325, 2410, 2287, 2490, 2257, 2155]","[1898, 1815]"
CJ-007_000022.jpg,77,1,"[1999, 2272, 2252, 1994, 2399, 2268, 2017, 2074, 2431, 1974, 2180, 2040, 2414, 2447, 2278, 1814, 1745, 2540, 1962, 1897, 2180, 2530, 2057, 1820, 1973, 2106, 2046, 2477, 2189, 2163, 2493, 1762, 2353, 2119, 1781, 1984, 1754, 2360, 2229, 2026, 2190, 2058, 3682, 1816, 2203, 1543, 2707, 1720, 1766, 2222, 2125, 1978, 2380, 2162, 2426, 1998, 1796, 2662, 1656, 2203, 1576, 3115, 2433, 2215, 2096, 1649, 2220, 1445, 1834, 3548, 2115, 1391, 2336, 2175, 1811, 1294, 4521]",[3470]
BM-020_000012.jpg,16,0,"[2253, 2663, 2538, 2268, 2508, 2453, 2280, 2799, 5152, 2360, 2434, 1899, 2068, 2277, 2998, 2156]",[]
CJ-007_000029.jpg,55,1,"[2649, 2185, 2389, 2175, 2435, 2221, 1910, 1636, 2205, 1804, 2040, 2025, 1511, 2200, 1773, 2378, 4013, 1769, 2530, 1648, 2463, 2342, 1847, 1731, 2069, 2166, 1605, 2314, 1898, 1777, 2141, 2747, 2001, 2434, 1862, 2486, 2012, 1891, 1934, 2743, 1886, 2165, 2327, 1992, 3229, 2241, 2030, 1932, 1153, 1405, 1744, 7184, 2293, 1722, 1883]",[1104]
CJ-010_000004.jpg,27,0,"[1659, 1761, 1632, 1629, 1747, 1461, 2622, 1724, 2156, 1840, 1682, 1841, 1685, 1742, 1610, 2463, 1880, 2922, 1715, 3440, 2610, 1796, 1131, 1736, 1384, 1862, 1311]",[]
BM-021_000008.jpg,100,0,"[2330, 2599, 2498, 1922, 2254, 2520, 1988, 2140, 1816, 2364, 1941, 2510, 1930, 2140, 2112, 2488, 2605, 2173, 2136, 2231, 2117, 2679, 1965, 2057, 2175, 2454, 2184, 1882, 2291, 2278, 2852, 2341, 1881, 1950, 2257, 2173, 2151, 2319, 2132, 1998, 2207, 1871, 2280, 2059, 2245, 1891, 2040, 2012, 2510, 2134, 1905, 2253, 2495, 2083, 2157, 2402, 2325, 2002, 2210, 2015, 2186, 1874, 2190, 2293, 2501, 1945, 1998, 2336, 2377, 2159, 1851, 2150, 2018, 2214, 2345, 1967, 2267, 2072, 2074, 2448, 2107, 2236, 2149, 1881, 1993, 2209, 1876, 1838, 2109, 2155, 2096, 2046, 2156, 2509, 1919, 2204, 2191, 2232, 2345, 1932]",[]
BM-021_000002.jpg,100,0,"[2087, 2303, 2200, 2128, 2055, 2217, 2241, 2312, 2341, 2191, 2159, 2371, 2333, 2303, 2089, 2168, 2234, 2105, 1986, 2425, 1825, 1971, 2003, 2298, 2243, 2302, 2119, 2058, 1995, 2183, 2069, 2250, 2329, 2348, 2048, 2041, 2178, 1985, 1906, 2146, 2148, 2108, 2225, 2192, 2118, 1889, 2276, 1874, 2524, 2043, 2286, 1971, 2269, 2085, 2155, 2314, 2205, 2397, 2185, 1935, 2276, 2064, 2601, 2208, 1881, 2279, 2100, 2263, 2121, 2038, 1884, 2269, 2071, 1863, 2111, 1994, 2060, 1912, 1928, 2403, 2092, 2362, 2145, 2914, 2035, 2149, 2424, 2247, 2027, 2174, 2431, 2190, 2116, 1985, 2179, 2210, 2349, 2256, 2026, 2231]",[]
CJ-007_000003.jpg,72,0,"[2262, 2049, 2129, 2450, 2449, 2102, 2117, 2114, 2185, 2207, 2389, 2528, 2230, 2290, 2168, 1874, 1879, 2693, 2101, 2167, 2350, 1956, 1684, 2352, 2035, 1990, 2173, 2112, 2140, 2145, 1609, 1952, 1807, 1196, 1729, 1972, 1937, 1909, 2076, 2409, 2346, 2057, 2065, 1599, 1903, 1573, 1866, 2186, 2061, 1589, 1708, 2159, 2370, 2085, 2286, 1408, 2414, 1789, 2586, 1971, 3258, 2066, 1894, 1718, 1624, 2098, 1317, 3465, 2010, 2430, 2191, 2910]",[]
BM-020_000005.jpg,5,0,"[2627, 2372, 2764, 2632, 2973]",[]
ER-023_000005.jpg,96,0,"[1712, 1921, 1953, 1674, 1864, 1468, 1948, 1729, 1921, 1705, 1700, 1827, 1899, 2310, 1494, 1902, 3021, 3371, 1676, 1755, 3278, 1867, 1906, 1468, 1809, 1714, 1625, 1688, 1661, 1565, 3383, 1657, 1690, 1836, 1500, 1874, 1755, 2860, 1863, 1696, 1691, 1534, 1812, 1626, 1584, 2558, 1642, 3051, 1599, 1578, 2268, 1695, 1536, 1616, 1526, 1810, 1796, 2478, 1818, 1721, 1742, 1808, 1632, 1790, 1683, 1711, 1794, 1661, 1599, 1397, 3321, 2019, 1683, 1641, 3174, 1577, 1838, 1682, 2890, 3051, 1925, 2858, 1538, 1534, 1496, 1550, 1401, 3229, 1674, 1995, 1766, 2604, 2817, 3587, 1280, 1511]",[]
CJ-031_000011.jpg,67,0,"[2259, 2058, 2273, 1993, 2394, 2036, 1970, 2577, 2468, 2298, 1858, 2392, 2336, 2754, 1993, 2128, 2352, 1925, 2193, 2264, 2037, 2961, 2341, 2118, 2158, 2388, 1845, 2084, 2305, 1923, 2701, 2594, 2188, 2065, 2448, 2025, 1471, 2681, 2183, 2130, 2731, 2103, 2451, 1854, 2722, 1787, 2603, 2255, 2217, 2088, 1970, 1960, 2198, 2291, 1574, 2067, 3032, 1758, 2078, 2318, 2254, 2118, 2203, 3693, 2193, 1890, 2115]",[]
CJ-010_000003.jpg,35,0,"[1712, 2825, 1734, 1673, 1696, 1640, 1755, 1661, 1712, 1682, 1878, 1579, 2020, 3281, 1641, 1888, 1629, 1751, 1908, 1860, 1648, 1724, 1948, 1951, 1801, 1587, 1750, 1573, 2411, 1944, 1587, 1390, 2445, 1759, 1884]",[]
BM-021_000010.jpg,100,0,"[2460, 2007, 2029, 2017, 1965, 2231, 2009, 1983, 1894, 2200, 2411, 1931, 2173, 1924, 1839, 1921, 2120, 1642, 2355, 1848, 2132, 2074, 2027, 1889, 2233, 2127, 1999, 2107, 2104, 2038, 2130, 1957, 2364, 1952, 1798, 1853, 2589, 1822, 2436, 1982, 2081, 2209, 2167, 2315, 2228, 2162, 1889, 2155, 2106, 2133, 2232, 2122, 2469, 2004, 1994, 2560, 2159, 2589, 2244, 2055, 2064, 2040, 1836, 2240, 1916, 1850, 2142, 1924, 1941, 1849, 2311, 2002, 2268, 2120, 2211, 1869, 2010, 1848, 2309, 2053, 2064, 1914, 2168, 2332, 2041, 1759, 2111, 1826, 1867, 1892, 2038, 2247, 1886, 1757, 2648, 2003, 2092, 1792, 2293, 1950]",[]
BM-020_000007.jpg,11,0,"[2598, 2431, 2506, 2255, 2638, 2938, 2807, 2905, 2101, 2537, 8358]",[]
CJ-010_000009.jpg,27,0,"[1882, 1827, 1836, 1848, 1779, 1722, 1956, 1668, 1712, 2869, 1518, 1557, 2308, 2835, 2059, 1371, 3673, 1960, 1446, 1535, 1792, 1616, 1517, 1791, 1603, 1418, 5556]",[]
CJ-007_000011.jpg,81,1,"[2488, 2130, 2387, 2375, 1939, 2633, 2281, 2209, 1996, 2126, 2103, 2054, 1980, 2076, 1740, 1936, 2728, 4657, 2020, 1986, 1897, 2373, 1942, 2137, 2078, 2197, 1769, 2120, 1976, 1997, 2222, 2538, 1884, 1996, 2263, 1810, 2159, 2138, 2102, 1710, 5122, 2034, 2019, 2166, 2280, 1797, 2596, 2601, 2021, 2010, 1806, 1844, 1678, 2044, 2643, 2317, 2355, 1980, 2184, 1931, 1999, 2328, 2220, 1878, 2143, 2131, 1869, 2296, 2021, 2175, 2164, 2045, 2110, 1924, 2345, 1935, 1890, 2274, 1852, 2326, 3062]",[1007]
BM-017_000004.jpg,77,0,"[2249, 2111, 2097, 2116, 1905, 2003, 2062, 1916, 4309, 1802, 2136, 2081, 2131, 1695, 1810, 2335, 1971, 1876, 2041, 1906, 2230, 1750, 1811, 2230, 2273, 2369, 2210, 4334, 2457, 2106, 2153, 2075, 2355, 1861, 2009, 1992, 1923, 1301, 2021, 2123, 1702, 2216, 2310, 1859, 2282, 2408, 2008, 1738, 2264, 3651, 1981, 3842, 1971, 1985, 1759, 2254, 2176, 2244, 1891, 1782, 1995, 1874, 2044, 2683, 1981, 1961, 1850, 1776, 1872, 1820, 2377, 1738, 1992, 1920, 1954, 2042, 1678]",[]
ER-023_000004.jpg,89,0,"[2166, 1711, 1696, 2452, 1974, 1638, 1772, 3170, 1574, 1882, 1737, 1889, 2427, 2943, 1954, 1728, 3110, 1957, 2002, 1801, 1708, 1845, 1783, 2016, 1721, 1944, 1754, 1735, 1916, 3157, 1814, 1753, 1668, 2693, 1707, 2034, 1841, 1891, 2115, 1751, 1908, 1807, 1687, 1671, 1741, 1540, 1699, 1805, 1633, 1653, 2209, 1790, 1855, 1644, 4030, 1825, 1673, 1647, 1663, 1531, 2116, 1406, 1911, 1727, 1202, 1763, 1820, 1728, 1837, 1702, 1879, 3069, 1525, 2047, 1849, 1676, 1458, 1644, 1641, 1898, 1798, 1729, 1685, 2151, 1933, 2591, 1422, 1602, 2650]",[]
CJ-031_000014.jpg,67,11,"[2304, 2428, 1975, 2265, 2327, 2171, 2579, 2306, 1965, 1954, 2339, 1846, 2492, 1880, 2371, 2147, 2714, 2303, 2077, 2069, 2270, 2212, 2128, 2513, 2436, 2232, 2122, 1891, 2107, 2221, 2111, 2474, 2107, 2177, 2535, 1953, 2272, 1889, 2290, 2444, 2292, 2354, 2219, 2032, 2391, 2292, 2174, 2298, 1824, 2051, 2266, 1621, 2123, 2174, 2244, 2677, 2084, 2081, 2279, 2194, 1747, 2471, 2417, 2299, 2535, 2233, 2139]","[2985, 2035, 2274, 1793, 683, 1644, 2498, 1891, 1449, 2217, 2164]"
CJ-007_000025.jpg,40,0,"[2271, 1881, 2308, 2217, 1988, 2162, 2438, 2395, 2064, 1624, 2006, 1958, 1979, 3732, 2362, 2426, 2037, 2134, 1873, 1997, 2041, 2403, 1531, 2309, 1914, 2002, 2099, 1926, 2353, 2541, 1910, 1898, 1895, 2096, 1612, 2055, 1218, 1893, 2242, 1311]",[]
BM-017_000011.jpg,20,0,"[2592, 2683, 2237, 2541, 2208, 2442, 2126, 2426, 2600, 1883, 2083, 2083, 2475, 2733, 2385, 2063, 3000, 3909, 1446, 2222]",[]
CJ-010_000005.jpg,22,0,"[2013, 1825, 1948, 1747, 1560, 1636, 1603, 1592, 1820, 1545, 1739, 1502, 1809, 1534, 1543, 1606, 1537, 1501, 2813, 1650, 715, 3102]",[]
BM-017_000008.jpg,58,0,"[2299, 2150, 2049, 2077, 2105, 2343, 2462, 2297, 2053, 2044, 2272, 2329, 1894, 1935, 2167, 2237, 2059, 1770, 1792, 1902, 2342, 1997, 2185, 2287, 1916, 2070, 1920, 1957, 1989, 1799, 1742, 2177, 2543, 2135, 2006, 1608, 2092, 1865, 1861, 2228, 1992, 2107, 2215, 2337, 4156, 2214, 2050, 2251, 2015, 2091, 3936, 1874, 1828, 1877, 1796, 1993, 1833, 1792]",[]
BM-021_000006.jpg,100,0,"[1734, 2251, 2394, 2208, 2361, 1983, 2275, 2278, 1980, 1876, 1866, 2015, 2106, 2026, 2507, 2242, 2588, 1978, 2159, 2229, 2093, 2134, 2217, 2381, 1944, 2137, 2200, 2151, 2092, 1958, 2138, 2305, 2010, 2210, 1835, 2213, 2196, 2315, 2194, 2077, 1896, 2056, 2263, 2187, 1924, 1943, 1979, 1644, 2423, 1933, 1901, 2278, 2009, 2049, 2135, 1710, 1930, 2441, 2147, 2265, 2012, 2368, 1809, 2299, 2062, 2073, 2426, 2104, 2117, 2131, 2308, 2296, 1875, 2117, 1996, 2336, 2140, 2125, 2178, 2076, 1792, 2119, 1986, 2172, 2247, 2408, 2206, 2279, 2322, 2079, 2085, 2013, 2477, 2087, 2003, 2094, 2016, 2490, 2004, 2328]",[]
BM-016_000004.jpg,38,1,"[4614, 2419, 2396, 2266, 2252, 2193, 2175, 2715, 2189, 2563, 2308, 2689, 2411, 2412, 2367, 2215, 2507, 2024, 2337, 2087, 2382, 2520, 3031, 2211, 2256, 2100, 2157, 2062, 2266, 2059, 6295, 2223, 2151, 2467, 2781, 1971, 1736, 2270]",[1203]
CJ-007_000032.jpg,74,0,"[2104, 1997, 2218, 2581, 1842, 1995, 2317, 2237, 2216, 2217, 2453, 2042, 2124, 2140, 2133, 1787, 1911, 2288, 1886, 2548, 2315, 2134, 2136, 1884, 1623, 2202, 2128, 1948, 2003, 1753, 2113, 1948, 1813, 1915, 1934, 3960, 1967, 2014, 2644, 2321, 1889, 2009, 2351, 2382, 1853, 1876, 1649, 2323, 1945, 2734, 2633, 2468, 3756, 2054, 1829, 1808, 2264, 2374, 2006, 2338, 2230, 1865, 2089, 2462, 2561, 5832, 1982, 2913, 1595, 2409, 1904, 2099, 10278, 4027]",[]
CJ-031_000001.jpg,77,0,"[2182, 2525, 2912, 2434, 2171, 2609, 2045, 2013, 2157, 2402, 1927, 2016, 2276, 2276, 2610, 2206, 2036, 2328, 2599, 2067, 2327, 2029, 2440, 2159, 1885, 2133, 2340, 2330, 2073, 2081, 1888, 2161, 1751, 2216, 2250, 1807, 2239, 1910, 1932, 2685, 2052, 1967, 1895, 1731, 2227, 1895, 1854, 2358, 2263, 1850, 1821, 2293, 2122, 2197, 1713, 2018, 2204, 1860, 1247, 1612, 2172, 2057, 2482, 1651, 2097, 1925, 2047, 1966, 2032, 1596, 1986, 2087, 2115, 2009, 1990, 2088, 2012]",[]
CJ-021_000003.jpg,14,0,"[2086, 2131, 5469, 2944, 2055, 2416, 2060, 2169, 2248, 2287, 2373, 2345, 2002, 1838]",[]
CJ-028_000008.jpg,76,0,"[2304, 2103, 2192, 2162, 2149, 2040, 2347, 2134, 2101, 2438, 2130, 2119, 2173, 2069, 2259, 2591, 2076, 2271, 2105, 2134, 2192, 2116, 2174, 2219, 1896, 2028, 2183, 2161, 2473, 2236, 2167, 2410, 2066, 2152, 2387, 1920, 1868, 1954, 2113, 2296, 2194, 2063, 2016, 1908, 2182, 2085, 1999, 2162, 2220, 2210, 2126, 2393, 2183, 2185, 2375, 2112, 2147, 1976, 2236, 2232, 1697, 2324, 2277, 2056, 2695, 2018, 2174, 1928, 2160, 3936, 1858, 2017, 1850, 1818, 2058, 1877]",[]
CJ-029_000008.jpg,35,0,"[2006, 2369, 2133, 2110, 2113, 2082, 3253, 2249, 2127, 2025, 2021, 2302, 2464, 1484, 2544, 2177, 2063, 1538, 2487, 1712, 2526, 1918, 1868, 1719, 2004, 1483, 2248, 1982, 2129, 2224, 1961, 2222, 2157, 1938, 1743]",[]
CJ-029_000003.jpg,10,0,"[2612, 1930, 3690, 2137, 2050, 1980, 1700, 2175, 3920, 2209]",[]
CJ-021_000006.jpg,7,0,"[2058, 1961, 3034, 1641, 2658, 9469, 2452]",[]
CJ-028_000012.jpg,77,0,"[1909, 2194, 2111, 1850, 2069, 1853, 1906, 1899, 1959, 1851, 2239, 1854, 1776, 1845, 2164, 1711, 2239, 1930, 2044, 2328, 2066, 1649, 2130, 2045, 1483, 1913, 1870, 1852, 2002, 1853, 1965, 2054, 1884, 1849, 1956, 1586, 1768, 1821, 1831, 1872, 2147, 3081, 1512, 1904, 1605, 1772, 2058, 1689, 2045, 1958, 1796, 1928, 1876, 1950, 1947, 1915, 2098, 1880, 1950, 2145, 1989, 1949, 1911, 2037, 1643, 1731, 1808, 1931, 2280, 1798, 1891, 1776, 1892, 1088, 1611, 1942, 4108]",[]
CJ-029_000013.jpg,14,0,"[2325, 4736, 2110, 2628, 1845, 3312, 2476, 2449, 2179, 2266, 2070, 2036, 2493, 2047]",[]
CJ-028_000013.jpg,24,0,"[2080, 2244, 2210, 2233, 2294, 2353, 2458, 2180, 2464, 2212, 2064, 2017, 2290, 1837, 2015, 2285, 2029, 2214, 1813, 2906, 2253, 2117, 2585, 2180]",[]
CJ-028_000005.jpg,69,0,"[2250, 2282, 2380, 2279, 2080, 2206, 2221, 1921, 2706, 2294, 2285, 2216, 2444, 2039, 2122, 2324, 2483, 2213, 2375, 2161, 2296, 2013, 2108, 2014, 2389, 3680, 2363, 2119, 2093, 2190, 2197, 1823, 1956, 2366, 2064, 2512, 2030, 1401, 2046, 2924, 2753, 2353, 2137, 2182, 2466, 2263, 1975, 2340, 2192, 2064, 1994, 2377, 1867, 2371, 2349, 3195, 2082, 1816, 2054, 1922, 1842, 1707, 3165, 2238, 1983, 2210, 3600, 5014, 1925]",[]
CJ-028_000009.jpg,46,0,"[2236, 2117, 2001, 1925, 2013, 2251, 2157, 2183, 2216, 1999, 1932, 1983, 2144, 2180, 2057, 2094, 2208, 2200, 2093, 2246, 3458, 1980, 2138, 2027, 2425, 1685, 1637, 2055, 2135, 1885, 2041, 2169, 2053, 2165, 1875, 1882, 2038, 2154, 1927, 2127, 2005, 1969, 3644, 1951, 2235, 1666]",[]
CJ-021_000002.jpg,17,0,"[2803, 2328, 2401, 2100, 2596, 3027, 4338, 2184, 2005, 1723, 2319, 2295, 3561, 2803, 3697, 3652, 2813]",[]
CJ-021_000005.jpg,5,0,"[1935, 3333, 2383, 4364, 2383]",[]
CJ-021_000007.jpg,13,0,"[2463, 2009, 2078, 2250, 1947, 4373, 2660, 2539, 2069, 2342, 2049, 1781, 6520]",[]
CJ-029_000002.jpg,34,0,"[2322, 1737, 1765, 3718, 1737, 2101, 2312, 1885, 3658, 1971, 3960, 2194, 2151, 1974, 2777, 1978, 2078, 2055, 2309, 1968, 2131, 1575, 1899, 2253, 3797, 2278, 2178, 2028, 1350, 1363, 1901, 2255, 2416, 2414]",[]
CJ-028_000004.jpg,45,0,"[2107, 2003, 2066, 2458, 2270, 1986, 2041, 2212, 1963, 1852, 1944, 1867, 1982, 2000, 1960, 1751, 2042, 2089, 1921, 2201, 1998, 2354, 2033, 1980, 2263, 1977, 1662, 2057, 1850, 2009, 1966, 2908, 2164, 2162, 1637, 1948, 2147, 1944, 1792, 1920, 2039, 2188, 1924, 2096, 1860]",[]
BM-009_000008.jpg,65,2,"[1704, 1937, 1678, 1776, 1870, 1726, 1819, 1699, 1747, 1865, 1746, 1415, 1647, 1782, 1558, 1796, 1717, 1972, 1524, 1370, 1600, 1846, 1608, 1605, 1930, 1553, 2088, 2582, 1830, 1379, 1889, 1731, 1556, 1665, 1529, 1603, 1685, 1615, 1677, 1541, 1654, 1923, 1484, 1695, 1503, 1604, 1589, 1065, 1906, 1843, 1610, 1702, 1769, 2623, 1216, 1659, 1494, 1030, 1435, 1346, 1375, 1456, 1422, 1434, 1220]","[795, 1793]"
CD-072_000002.jpg,94,0,"[2213, 2054, 2065, 2271, 2016, 2096, 2195, 2330, 2160, 2168, 2422, 2079, 1867, 2438, 2395, 2123, 2200, 2078, 1772, 3401, 2046, 1976, 2512, 2065, 2195, 2054, 2254, 2234, 2022, 2077, 2316, 1950, 1973, 2248, 2224, 2242, 2356, 2038, 1925, 2142, 2191, 1893, 2259, 2350, 2141, 2107, 2162, 2509, 2314, 2088, 2109, 2120, 2290, 1909, 2048, 3356, 1832, 1975, 1967, 2724, 2112, 2200, 2044, 1649, 2042, 2248, 3705, 1830, 2096, 2249, 1962, 1935, 2132, 2308, 2005, 1833, 2005, 2277, 1360, 3690, 1785, 2188, 1824, 2103, 2081, 1891, 1888, 2132, 2512, 1933, 2116, 1927, 1869, 3013]",[]
CJ-029_000012.jpg,38,0,"[2023, 2501, 1900, 3663, 1877, 2278, 2964, 2460, 3651, 1720, 1926, 2315, 1470, 2090, 1828, 2106, 2217, 3366, 1739, 2035, 1688, 1193, 1851, 1990, 2113, 2126, 1929, 2435, 2773, 2448, 3581, 1524, 3673, 1730, 2226, 1926, 2023, 1930]",[]
CJ-021_000001.jpg,22,0,"[2341, 2052, 2291, 2149, 2448, 2120, 1872, 2115, 2185, 2247, 2237, 2818, 2056, 2037, 2230, 2995, 2172, 2713, 4490, 2184, 2389, 2847]",[]
